USE `Insurance Company`;

-- -----------------------------------------------
-- insertion of customers table. 
-- -----------------------------------------------


INSERT INTO customer(`user_name`, `name`, `phone`, `password`) VALUES('tros5738', 'Tommy Roser', '01056740795', 'fqG8Z4');
INSERT INTO customer(`user_name`, `name`, `phone`, `password`) VALUES('apat4915', 'Amy Patton', '01257928530', 'smykYR');
INSERT INTO customer(`user_name`, `name`, `phone`, `password`) VALUES('apre1887', 'Alfred Prewitt', '01291594321', 'j8Ls2N');
INSERT INTO customer(`user_name`, `name`, `phone`, `password`) VALUES('aser0745', 'Ann Serisky', '01082073152', 'QTujx3');
INSERT INTO customer(`user_name`, `name`, `phone`, `password`) VALUES('bbar9604', 'Brian Barnes', '01056082429', 'Yg5cpa');
INSERT INTO customer(`user_name`, `name`, `phone`, `password`) VALUES('bflo8654', 'Becky Flores', '01015409912', 'lgtfPR');
INSERT INTO customer(`user_name`, `name`, `phone`, `password`) VALUES('bjon2086', 'Brooke Jones', '01053480698', 'OgQbPz');
INSERT INTO customer(`user_name`, `name`, `phone`, `password`) VALUES('byan8860', 'Brittany Yanchik', '01520848293', 'qcLaEb');
INSERT INTO customer(`user_name`, `name`, `phone`, `password`) VALUES('cbar0694', 'Curtis Barich', '01233636149', '2AZpmR');
INSERT INTO customer(`user_name`, `name`, `phone`, `password`) VALUES('cbel6092', 'Cynthia Bell', '01521522889', 'jdXK04');
INSERT INTO customer(`user_name`, `name`, `phone`, `password`) VALUES('ccan1503', 'Carrie Cannon', '01297793594', 'GtnwUk');
INSERT INTO customer(`user_name`, `name`, `phone`, `password`) VALUES('ccum9873', 'Candice Cummings', '01536790688', '2bmsvB');
INSERT INTO customer(`user_name`, `name`, `phone`, `password`) VALUES('ckra1437', 'Charlene Kradel', '01096808465', 'TdQCrK');
INSERT INTO customer(`user_name`, `name`, `phone`, `password`) VALUES('cmau5163', 'Charlotte Maurer', '01553786903', 'vS07q3');
INSERT INTO customer(`user_name`, `name`, `phone`, `password`) VALUES('cmor4986', 'Charlotte Morton', '01599440914', 'HeNAUf');
INSERT INTO customer(`user_name`, `name`, `phone`, `password`) VALUES('cpad9704', 'Claude Padberg', '01171794216', 'Q2H5RQ');
INSERT INTO customer(`user_name`, `name`, `phone`, `password`) VALUES('cwri7045', 'Carol Wright', '01550604917', 'SqUNrk');
INSERT INTO customer(`user_name`, `name`, `phone`, `password`) VALUES('dcol0100', 'Dolly Collins', '01049010869', 'jPGIbs');
INSERT INTO customer(`user_name`, `name`, `phone`, `password`) VALUES('dcoo8382', 'Donald Cooper', '01296425759', '7oe9Fp');
INSERT INTO customer(`user_name`, `name`, `phone`, `password`) VALUES('deva4872', 'David Evans', '01287988278', 'FtPAkF');
INSERT INTO customer(`user_name`, `name`, `phone`, `password`) VALUES('dkil4893', 'David Kilroy', '01119932228', 'OX5Hnt');
INSERT INTO customer(`user_name`, `name`, `phone`, `password`) VALUES('dmac6527', 'Dustin Macha', '01166253780', 'eiRTab');
INSERT INTO customer(`user_name`, `name`, `phone`, `password`) VALUES('dphi5689', 'Dennis Phillips', '01216097226', 'j1GcXD');
INSERT INTO customer(`user_name`, `name`, `phone`, `password`) VALUES('dwis7060', 'Dale Wishman', '01274782430', 'Quk73F');
INSERT INTO customer(`user_name`, `name`, `phone`, `password`) VALUES('ecas8906', 'Erica Cassiano', '01243557523', 'pF8Pkx');
INSERT INTO customer(`user_name`, `name`, `phone`, `password`) VALUES('ecle8102', 'Elizabeth Clem', '01596441763', 'KNX7NQ');
INSERT INTO customer(`user_name`, `name`, `phone`, `password`) VALUES('egat6773', 'Elizabeth Gates', '01581598349', 'edyBql');
INSERT INTO customer(`user_name`, `name`, `phone`, `password`) VALUES('eoco9220', 'Eric Oconor', '01507010298', 'LMTIjZ');
INSERT INTO customer(`user_name`, `name`, `phone`, `password`) VALUES('firi7288', 'Francesco Irizarry', '01509566520', 'FMrAaN');
INSERT INTO customer(`user_name`, `name`, `phone`, `password`) VALUES('gain0704', 'Gregory Ainsley', '01163047012', 'mnzevl');
INSERT INTO customer(`user_name`, `name`, `phone`, `password`) VALUES('gbow5430', 'Gregory Bowie', '01562699305', 'FVwDSY');
INSERT INTO customer(`user_name`, `name`, `phone`, `password`) VALUES('gcoz3878', 'Gary Cozart', '01027768084', 'NEcEOU');
INSERT INTO customer(`user_name`, `name`, `phone`, `password`) VALUES('gmas8365', 'Grace Mason', '01258835403', '6DOrrT');
INSERT INTO customer(`user_name`, `name`, `phone`, `password`) VALUES('gmes2939', 'Glen Messier', '01040958752', 'TOWKwL');
INSERT INTO customer(`user_name`, `name`, `phone`, `password`) VALUES('gwil4381', 'George Williams', '01068801623', '4cldWp');
INSERT INTO customer(`user_name`, `name`, `phone`, `password`) VALUES('heri6662', 'Holly Erickson', '01550240038', 'HrsC0A');
INSERT INTO customer(`user_name`, `name`, `phone`, `password`) VALUES('hgre8549', 'Harold Green', '01155026709', 'Yso6mu');
INSERT INTO customer(`user_name`, `name`, `phone`, `password`) VALUES('hhof9592', 'Hazel Hoffman', '01513057033', 'Abb6Dr');
INSERT INTO customer(`user_name`, `name`, `phone`, `password`) VALUES('hkel6986', 'Harry Keller', '01058760056', 'NKUsbE');
INSERT INTO customer(`user_name`, `name`, `phone`, `password`) VALUES('hsmi0787', 'Helen Smith', '01217906438', 'lbSE24');
INSERT INTO customer(`user_name`, `name`, `phone`, `password`) VALUES('jbal5113', 'June Ballard', '01129642611', 'uBD1Rf');
INSERT INTO customer(`user_name`, `name`, `phone`, `password`) VALUES('jcof3013', 'James Coffell', '01253274333', 'UU7mDh');
INSERT INTO customer(`user_name`, `name`, `phone`, `password`) VALUES('jgon7341', 'Janice Gonzalez', '01595162191', 'oIASSJ');
INSERT INTO customer(`user_name`, `name`, `phone`, `password`) VALUES('jlay4642', 'John Lay', '01260981257', 'TsIlDO');
INSERT INTO customer(`user_name`, `name`, `phone`, `password`) VALUES('jlos1053', 'Jackie Losh', '01152645841', '2cjfzi');
INSERT INTO customer(`user_name`, `name`, `phone`, `password`) VALUES('jmoy9101', 'Joseph Moya', '01114804103', 'dPztpH');
INSERT INTO customer(`user_name`, `name`, `phone`, `password`) VALUES('jpat8173', 'Jennifer Patel', '01540935429', 'nc5h10');
INSERT INTO customer(`user_name`, `name`, `phone`, `password`) VALUES('jpow7391', 'James Powers', '01545328041', '7DLVrb');
INSERT INTO customer(`user_name`, `name`, `phone`, `password`) VALUES('jvan9269', 'Justin Vandyke', '01593724822', 'aFiLdQ');
INSERT INTO customer(`user_name`, `name`, `phone`, `password`) VALUES('jwil2764', 'John Williams', '01131119527', 'mr5S4H');
INSERT INTO customer(`user_name`, `name`, `phone`, `password`) VALUES('kbro3090', 'Kayla Brown', '01559512034', 'PH75bp');
INSERT INTO customer(`user_name`, `name`, `phone`, `password`) VALUES('kbru9907', 'Kattie Brunner', '01074224365', 'fSbSKF');
INSERT INTO customer(`user_name`, `name`, `phone`, `password`) VALUES('kpor1311', 'Kent Porterfield', '01143661466', 'KRAFwZ');
INSERT INTO customer(`user_name`, `name`, `phone`, `password`) VALUES('kran6892', 'Karl Randel', '01036906094', 'AQMvrk');
INSERT INTO customer(`user_name`, `name`, `phone`, `password`) VALUES('ksar7472', 'Keith Sargent', '01296522959', 'CFVTix');
INSERT INTO customer(`user_name`, `name`, `phone`, `password`) VALUES('lflo5525', 'Lela Floyd', '01091630307', 'vzLh17');
INSERT INTO customer(`user_name`, `name`, `phone`, `password`) VALUES('lhol1094', 'Lisa Holte', '01507242310', '6Btjaq');
INSERT INTO customer(`user_name`, `name`, `phone`, `password`) VALUES('ljon2148', 'Lori Jones', '01040478684', 'O2ijaN');
INSERT INTO customer(`user_name`, `name`, `phone`, `password`) VALUES('lner8526', 'Laura Nero', '01526696587', 'Dsaxgi');
INSERT INTO customer(`user_name`, `name`, `phone`, `password`) VALUES('lpet7288', 'Larry Peterman', '01017742035', '0EXVFZ');
INSERT INTO customer(`user_name`, `name`, `phone`, `password`) VALUES('lsha4416', 'Linda Shaver', '01027397875', '5jBaYg');
INSERT INTO customer(`user_name`, `name`, `phone`, `password`) VALUES('lwat1298', 'Lauren Wathen', '01250685007', 'huwQi3');
INSERT INTO customer(`user_name`, `name`, `phone`, `password`) VALUES('mali6316', 'Melissa Ali', '01075486892', '4T741b');
INSERT INTO customer(`user_name`, `name`, `phone`, `password`) VALUES('mcal3608', 'Mary Calderin', '01121229044', 'NS1lFA');
INSERT INTO customer(`user_name`, `name`, `phone`, `password`) VALUES('mdil7961', 'Marybeth Dillard', '01081121561', 'PHWfn1');
INSERT INTO customer(`user_name`, `name`, `phone`, `password`) VALUES('mfor3836', 'Marcia Ford', '01156077513', 'frOnO7');
INSERT INTO customer(`user_name`, `name`, `phone`, `password`) VALUES('mfre1950', 'Margarette Frederick', '01257679616', 'kbPHyT');
INSERT INTO customer(`user_name`, `name`, `phone`, `password`) VALUES('mjen6712', 'Mathew Jenkins', '01042385974', 'qrsQmP');
INSERT INTO customer(`user_name`, `name`, `phone`, `password`) VALUES('mlan6760', 'Martha Lane', '01034866388', 'H7vZ7B');
INSERT INTO customer(`user_name`, `name`, `phone`, `password`) VALUES('mlov0922', 'Marvin Love', '01273966248', 'TZSHdb');
INSERT INTO customer(`user_name`, `name`, `phone`, `password`) VALUES('mmor4491', 'Mariam Morgan', '01057075106', 'QDX17N');
INSERT INTO customer(`user_name`, `name`, `phone`, `password`) VALUES('mmul6054', 'Michael Mullikin', '01259076610', 'lRnWxg');
INSERT INTO customer(`user_name`, `name`, `phone`, `password`) VALUES('mraw3698', 'Mildred Rawlings', '01202181459', 'EQrcz0');
INSERT INTO customer(`user_name`, `name`, `phone`, `password`) VALUES('mski7825', 'Mary Skinner', '01187311769', 'zU1B2I');
INSERT INTO customer(`user_name`, `name`, `phone`, `password`) VALUES('mtho6808', 'Magnolia Thomas', '01247318154', 'iI8g8g');
INSERT INTO customer(`user_name`, `name`, `phone`, `password`) VALUES('mvau9244', 'Mary Vaughan', '01190363394', 'qhADgX');
INSERT INTO customer(`user_name`, `name`, `phone`, `password`) VALUES('oval4649', 'Opal Valencia', '01028894920', 'XLEDcp');
INSERT INTO customer(`user_name`, `name`, `phone`, `password`) VALUES('psch3976', 'Patricia Schrader', '01220235849', 'lkfnrj');
INSERT INTO customer(`user_name`, `name`, `phone`, `password`) VALUES('rbow2020', 'Richie Bowlin', '01262973456', 'wUQrQV');
INSERT INTO customer(`user_name`, `name`, `phone`, `password`) VALUES('rcox5816', 'Rose Cox', '01589342201', 'VxsUja');
INSERT INTO customer(`user_name`, `name`, `phone`, `password`) VALUES('rdre0326', 'Rudolph Drew', '01202013563', 'HvDq1C');
INSERT INTO customer(`user_name`, `name`, `phone`, `password`) VALUES('rfor1197', 'Robert Forster', '01058177388', '0PktAA');
INSERT INTO customer(`user_name`, `name`, `phone`, `password`) VALUES('ring7136', 'Rachel Ingersoll', '01126773077', 'yaZ861');
INSERT INTO customer(`user_name`, `name`, `phone`, `password`) VALUES('rlep9497', 'Rick Leppla', '01020540168', 'RbE7xM');
INSERT INTO customer(`user_name`, `name`, `phone`, `password`) VALUES('rmcd9298', 'Ricky Mcdonald', '01072890930', 's8Ua0U');
INSERT INTO customer(`user_name`, `name`, `phone`, `password`) VALUES('rste6461', 'Rosie Stevenson', '01561912970', 'isQNrj');
INSERT INTO customer(`user_name`, `name`, `phone`, `password`) VALUES('rtho5763', 'Robert Thomas', '01500956439', 'D69lib');
INSERT INTO customer(`user_name`, `name`, `phone`, `password`) VALUES('rtru4607', 'Ronald Trudeau', '01112803107', 'uv1VI7');
INSERT INTO customer(`user_name`, `name`, `phone`, `password`) VALUES('sada9275', 'Sharon Adams', '01048000767', 'nUw5hF');
INSERT INTO customer(`user_name`, `name`, `phone`, `password`) VALUES('sbry2079', 'Sarita Bryson', '01022686209', '86FRRI');
INSERT INTO customer(`user_name`, `name`, `phone`, `password`) VALUES('scop9162', 'Steven Copper', '01515947489', 'IxQo3G');
INSERT INTO customer(`user_name`, `name`, `phone`, `password`) VALUES('sfig6031', 'Stephen Figueroa', '01117292152', 'Cjo2hB');
INSERT INTO customer(`user_name`, `name`, `phone`, `password`) VALUES('slet8351', 'Sean Letourneau', '01035955732', 'HVIkJB');
INSERT INTO customer(`user_name`, `name`, `phone`, `password`) VALUES('smar9247', 'Shane Martin', '01578484925', 'GQnfCg');
INSERT INTO customer(`user_name`, `name`, `phone`, `password`) VALUES('ssmi5590', 'Sally Smith', '01277695511', '3yirAw');
INSERT INTO customer(`user_name`, `name`, `phone`, `password`) VALUES('tham4765', 'Tyler Haman', '01001316947', 'nz6oTK');
INSERT INTO customer(`user_name`, `name`, `phone`, `password`) VALUES('twhe6767', 'Thomas Whetstone', '01595557964', 'JfRbgw');
INSERT INTO customer(`user_name`, `name`, `phone`, `password`) VALUES('wfre8350', 'William Frew', '01263481418', 'vOJp3s');
INSERT INTO customer(`user_name`, `name`, `phone`, `password`) VALUES('wwat9315', 'William Waters', '01264369156', 'ccZiJd');

-- -----------------------------------------------
-- insertion of plans table. 
-- -----------------------------------------------


INSERT INTO plans (type, owner) VALUES ('basic', 'apat4915');
INSERT INTO plans (type, owner) VALUES ('basic', 'apre1887');
INSERT INTO plans (type, owner) VALUES ('basic', 'aser0745');
INSERT INTO plans (type, owner) VALUES ('basic', 'bbar9604');
INSERT INTO plans (type, owner) VALUES ('basic', 'bflo8654');
INSERT INTO plans (type, owner) VALUES ('basic', 'bjon2086');
INSERT INTO plans (type, owner) VALUES ('basic', 'byan8860');
INSERT INTO plans (type, owner) VALUES ('basic', 'cbar0694');
INSERT INTO plans (type, owner) VALUES ('basic', 'cbel6092');
INSERT INTO plans (type, owner) VALUES ('basic', 'ccan1503');
INSERT INTO plans (type, owner) VALUES ('basic', 'ccum9873');
INSERT INTO plans (type, owner) VALUES ('basic', 'ckra1437');
INSERT INTO plans (type, owner) VALUES ('basic', 'cmau5163');
INSERT INTO plans (type, owner) VALUES ('basic', 'cmor4986');
INSERT INTO plans (type, owner) VALUES ('basic', 'cpad9704');
INSERT INTO plans (type, owner) VALUES ('basic', 'cwri7045');
INSERT INTO plans (type, owner) VALUES ('basic', 'dcol0100');
INSERT INTO plans (type, owner) VALUES ('basic', 'dcoo8382');
INSERT INTO plans (type, owner) VALUES ('basic', 'deva4872');
INSERT INTO plans (type, owner) VALUES ('basic', 'dkil4893');
INSERT INTO plans (type, owner) VALUES ('basic', 'dmac6527');
INSERT INTO plans (type, owner) VALUES ('basic', 'dphi5689');
INSERT INTO plans (type, owner) VALUES ('basic', 'dwis7060');
INSERT INTO plans (type, owner) VALUES ('basic', 'ecas8906');
INSERT INTO plans (type, owner) VALUES ('basic', 'ecle8102');
INSERT INTO plans (type, owner) VALUES ('basic', 'egat6773');
INSERT INTO plans (type, owner) VALUES ('basic', 'eoco9220');
INSERT INTO plans (type, owner) VALUES ('basic', 'firi7288');
INSERT INTO plans (type, owner) VALUES ('basic', 'gain0704');
INSERT INTO plans (type, owner) VALUES ('basic', 'gbow5430');
INSERT INTO plans (type, owner) VALUES ('basic', 'gcoz3878');
INSERT INTO plans (type, owner) VALUES ('basic', 'gmas8365');
INSERT INTO plans (type, owner) VALUES ('basic', 'gmes2939');
INSERT INTO plans (type, owner) VALUES ('basic', 'gwil4381');
INSERT INTO plans (type, owner) VALUES ('basic', 'heri6662');
INSERT INTO plans (type, owner) VALUES ('basic', 'hgre8549');
INSERT INTO plans (type, owner) VALUES ('basic', 'hhof9592');
INSERT INTO plans (type, owner) VALUES ('basic', 'hkel6986');
INSERT INTO plans (type, owner) VALUES ('basic', 'hsmi0787');
INSERT INTO plans (type, owner) VALUES ('basic', 'jbal5113');
INSERT INTO plans (type, owner) VALUES ('basic', 'jcof3013');
INSERT INTO plans (type, owner) VALUES ('basic', 'jgon7341');
INSERT INTO plans (type, owner) VALUES ('basic', 'jlay4642');
INSERT INTO plans (type, owner) VALUES ('basic', 'jlos1053');
INSERT INTO plans (type, owner) VALUES ('basic', 'jmoy9101');
INSERT INTO plans (type, owner) VALUES ('basic', 'jpat8173');
INSERT INTO plans (type, owner) VALUES ('basic', 'jpow7391');
INSERT INTO plans (type, owner) VALUES ('basic', 'jvan9269');
INSERT INTO plans (type, owner) VALUES ('basic', 'jwil2764');
INSERT INTO plans (type, owner) VALUES ('basic', 'kbro3090');
INSERT INTO plans (type, owner) VALUES ('golden', 'kpor1311');
INSERT INTO plans (type, owner) VALUES ('premium', 'kran6892');
INSERT INTO plans (type, owner) VALUES ('premium', 'ksar7472');
INSERT INTO plans (type, owner) VALUES ('premium', 'lflo5525');
INSERT INTO plans (type, owner) VALUES ('premium', 'lhol1094');
INSERT INTO plans (type, owner) VALUES ('premium', 'ljon2148');
INSERT INTO plans (type, owner) VALUES ('golden', 'lner8526');
INSERT INTO plans (type, owner) VALUES ('golden', 'lpet7288');
INSERT INTO plans (type, owner) VALUES ('premium', 'lsha4416');
INSERT INTO plans (type, owner) VALUES ('premium', 'lwat1298');
INSERT INTO plans (type, owner) VALUES ('golden', 'mali6316');
INSERT INTO plans (type, owner) VALUES ('premium', 'mcal3608');
INSERT INTO plans (type, owner) VALUES ('golden', 'mdil7961');
INSERT INTO plans (type, owner) VALUES ('premium', 'mfor3836');
INSERT INTO plans (type, owner) VALUES ('golden', 'mfre1950');
INSERT INTO plans (type, owner) VALUES ('premium', 'mjen6712');
INSERT INTO plans (type, owner) VALUES ('premium', 'mlan6760');
INSERT INTO plans (type, owner) VALUES ('premium', 'mlov0922');
INSERT INTO plans (type, owner) VALUES ('premium', 'mmor4491');
INSERT INTO plans (type, owner) VALUES ('golden', 'mmul6054');
INSERT INTO plans (type, owner) VALUES ('golden', 'mraw3698');
INSERT INTO plans (type, owner) VALUES ('premium', 'mski7825');
INSERT INTO plans (type, owner) VALUES ('premium', 'mtho6808');
INSERT INTO plans (type, owner) VALUES ('premium', 'mvau9244');
INSERT INTO plans (type, owner) VALUES ('golden', 'oval4649');
INSERT INTO plans (type, owner) VALUES ('premium', 'psch3976');
INSERT INTO plans (type, owner) VALUES ('golden', 'rbow2020');
INSERT INTO plans (type, owner) VALUES ('premium', 'rcox5816');
INSERT INTO plans (type, owner) VALUES ('premium', 'rdre0326');
INSERT INTO plans (type, owner) VALUES ('golden', 'rfor1197');
INSERT INTO plans (type, owner) VALUES ('golden', 'ring7136');
INSERT INTO plans (type, owner) VALUES ('golden', 'rlep9497');
INSERT INTO plans (type, owner) VALUES ('golden', 'rmcd9298');
INSERT INTO plans (type, owner) VALUES ('premium', 'rste6461');
INSERT INTO plans (type, owner) VALUES ('premium', 'rtho5763');
INSERT INTO plans (type, owner) VALUES ('golden', 'rtru4607');
INSERT INTO plans (type, owner) VALUES ('premium', 'sada9275');
INSERT INTO plans (type, owner) VALUES ('premium', 'sbry2079');
INSERT INTO plans (type, owner) VALUES ('golden', 'scop9162');
INSERT INTO plans (type, owner) VALUES ('golden', 'sfig6031');
INSERT INTO plans (type, owner) VALUES ('golden', 'slet8351');
INSERT INTO plans (type, owner) VALUES ('premium', 'smar9247');
INSERT INTO plans (type, owner) VALUES ('golden', 'ssmi5590');
INSERT INTO plans (type, owner) VALUES ('premium', 'tham4765');
INSERT INTO plans (type, owner) VALUES ('premium', 'tros5738');
INSERT INTO plans (type, owner) VALUES ('golden', 'twhe6767');
INSERT INTO plans (type, owner) VALUES ('golden', 'wfre8350');
INSERT INTO plans (type, owner) VALUES ('golden', 'apat4915');
INSERT INTO plans (type, owner) VALUES ('golden', 'apre1887');
INSERT INTO plans (type, owner) VALUES ('golden', 'aser0745');
INSERT INTO plans (type, owner) VALUES ('premium', 'bbar9604');
INSERT INTO plans (type, owner) VALUES ('premium', 'bflo8654');
INSERT INTO plans (type, owner) VALUES ('premium', 'bjon2086');
INSERT INTO plans (type, owner) VALUES ('premium', 'byan8860');
INSERT INTO plans (type, owner) VALUES ('golden', 'cbar0694');
INSERT INTO plans (type, owner) VALUES ('golden', 'cbel6092');
INSERT INTO plans (type, owner) VALUES ('golden', 'ccan1503');
INSERT INTO plans (type, owner) VALUES ('premium', 'ccum9873');
INSERT INTO plans (type, owner) VALUES ('premium', 'ckra1437');
INSERT INTO plans (type, owner) VALUES ('golden', 'cmau5163');
INSERT INTO plans (type, owner) VALUES ('golden', 'cmor4986');
INSERT INTO plans (type, owner) VALUES ('basic', 'cpad9704');
INSERT INTO plans (type, owner) VALUES ('premium', 'cwri7045');
INSERT INTO plans (type, owner) VALUES ('golden', 'dcol0100');
INSERT INTO plans (type, owner) VALUES ('golden', 'dcoo8382');
INSERT INTO plans (type, owner) VALUES ('premium', 'deva4872');
INSERT INTO plans (type, owner) VALUES ('basic', 'dkil4893');
INSERT INTO plans (type, owner) VALUES ('premium', 'dmac6527');
INSERT INTO plans (type, owner) VALUES ('golden', 'dphi5689');
INSERT INTO plans (type, owner) VALUES ('basic', 'dwis7060');
INSERT INTO plans (type, owner) VALUES ('premium', 'ecas8906');
INSERT INTO plans (type, owner) VALUES ('golden', 'ecle8102');
INSERT INTO plans (type, owner) VALUES ('basic', 'egat6773');
INSERT INTO plans (type, owner) VALUES ('basic', 'eoco9220');
INSERT INTO plans (type, owner) VALUES ('golden', 'firi7288');
INSERT INTO plans (type, owner) VALUES ('basic', 'gain0704');
INSERT INTO plans (type, owner) VALUES ('basic', 'gbow5430');
INSERT INTO plans (type, owner) VALUES ('basic', 'gcoz3878');
INSERT INTO plans (type, owner) VALUES ('golden', 'gmas8365');
INSERT INTO plans (type, owner) VALUES ('golden', 'gmes2939');
INSERT INTO plans (type, owner) VALUES ('golden', 'gwil4381');
INSERT INTO plans (type, owner) VALUES ('golden', 'heri6662');
INSERT INTO plans (type, owner) VALUES ('golden', 'hgre8549');
INSERT INTO plans (type, owner) VALUES ('basic', 'hhof9592');
INSERT INTO plans (type, owner) VALUES ('basic', 'hkel6986');
INSERT INTO plans (type, owner) VALUES ('basic', 'hsmi0787');
INSERT INTO plans (type, owner) VALUES ('basic', 'jbal5113');
INSERT INTO plans (type, owner) VALUES ('premium', 'jcof3013');
INSERT INTO plans (type, owner) VALUES ('premium', 'jgon7341');
INSERT INTO plans (type, owner) VALUES ('golden', 'jlay4642');
INSERT INTO plans (type, owner) VALUES ('premium', 'jlos1053');
INSERT INTO plans (type, owner) VALUES ('golden', 'jmoy9101');
INSERT INTO plans (type, owner) VALUES ('basic', 'jpat8173');
INSERT INTO plans (type, owner) VALUES ('golden', 'jpow7391');
INSERT INTO plans (type, owner) VALUES ('premium', 'jvan9269');
INSERT INTO plans (type, owner) VALUES ('basic', 'jwil2764');
INSERT INTO plans (type, owner) VALUES ('premium', 'kbro3090');
INSERT INTO plans (type, owner) VALUES ('premium', 'kbru9907');
INSERT INTO plans (type, owner) VALUES ('basic', 'kpor1311');
INSERT INTO plans (type, owner) VALUES ('basic', 'kran6892');
INSERT INTO plans (type, owner) VALUES ('golden', 'ksar7472');
INSERT INTO plans (type, owner) VALUES ('basic', 'lflo5525');
INSERT INTO plans (type, owner) VALUES ('premium', 'lhol1094');
INSERT INTO plans (type, owner) VALUES ('premium', 'ljon2148');
INSERT INTO plans (type, owner) VALUES ('premium', 'lner8526');
-- -----------------------------------------------
-- insertion of hospital table. 
-- -----------------------------------------------

INSERT INTO hospital VALUES('Rachel Sanders', '3342228466', 'ANDALUSIA');
INSERT INTO hospital VALUES('Eddie Whitt', '2562339292', 'ATHENS');
INSERT INTO hospital VALUES('Tamela Jones', '2513682500', 'ATMORE');
INSERT INTO hospital VALUES('Mario Johansen', '3342448330', 'MONTGOMERY');
INSERT INTO hospital VALUES('Marsha Hobbs', '3342882100', 'MONTGOMERY');
INSERT INTO hospital VALUES('Kirby Stewart', '2057833800', 'BIRMINGHAM');
INSERT INTO hospital VALUES('Allison Bruce', '2059264881', 'CENTREVILL');
INSERT INTO hospital VALUES('Ruby Mccreight', '2059334515', 'BIRMINGHAM');
INSERT INTO hospital VALUES('Moses Stevens', '2058771000', 'BIRMINGHAM');
INSERT INTO hospital VALUES('Dana Martinez', '3342894000', 'DEMOPOLIS');
INSERT INTO hospital VALUES('Terry Cranford', '3347382140', 'UNION SPRI');
INSERT INTO hospital VALUES('Mary Florez', '2053258100', 'BIRMINGHAM');
INSERT INTO hospital VALUES('Christina Mathe', '2569275531', 'CENTRE');
INSERT INTO hospital VALUES('Linda Schoof', '2057552500', 'CLANTON');
INSERT INTO hospital VALUES('Effie Thomas', '2567614542', 'TALLADEGA');
INSERT INTO hospital VALUES('Terry Gibney', '2563542131', 'ASHLAND');
INSERT INTO hospital VALUES('Chad Young', '3342836541', 'TALLASSEE');
INSERT INTO hospital VALUES('Laura Alexander', '2059303200', 'BIRMINGHAM');
INSERT INTO hospital VALUES('Abby Palmer', '2562495000', 'SYLACAUGA');
INSERT INTO hospital VALUES('William Bradley', '3343353374', 'LUVERNE');
INSERT INTO hospital VALUES('Johnny Cybart', '2568823100', 'HUNTSVILLE');
INSERT INTO hospital VALUES('Melinda Edwards', '2567372000', 'CULLMAN');
INSERT INTO hospital VALUES('Maria Smullen', '2057597111', 'TUSCALOOSA');
INSERT INTO hospital VALUES('Margie Jones', '2518678061', 'BREWTON');
INSERT INTO hospital VALUES('William Hansfor', '3347742601', 'OZARK');
INSERT INTO hospital VALUES('Glenn Brazil', '2563412000', 'DECATUR');
INSERT INTO hospital VALUES('Carrie Jones', '2568453150', 'FORT PAYNE');
INSERT INTO hospital VALUES('Christopher Woo', '3347493411', 'OPELIKA');
INSERT INTO hospital VALUES('Rebecca Owens', '3348972257', 'ELBA');
INSERT INTO hospital VALUES('Jessica Brown', '2567688400', 'FLORENCE');
INSERT INTO hospital VALUES('Maureen Harvey', '3345674311', 'WETUMPKA');
INSERT INTO hospital VALUES('David Lane', '2515782480', 'EVERGREEN');
INSERT INTO hospital VALUES('Josephine White', '2059325966', 'FAYETTE');
INSERT INTO hospital VALUES('Michael Bustame', '3348583287', 'FLORALA');
INSERT INTO hospital VALUES('Betty Marquez', '3347935000', 'DOTHAN');
INSERT INTO hospital VALUES('Travis Ennis', '2564944000', 'GADSDEN');
INSERT INTO hospital VALUES('Julio Strobel', '3347561400', 'VALLEY');
INSERT INTO hospital VALUES('Terry Masom', '3343762205', 'GEORGIANA');
INSERT INTO hospital VALUES('Mary Ward', '2053723388', 'EUTAW');
INSERT INTO hospital VALUES('Louise Schmitz', '2512753191', 'GROVE HILL');
INSERT INTO hospital VALUES('Cynthia Arroyo', '3346243024', 'GREENSBORO');
INSERT INTO hospital VALUES('Mary Snyder', '2567736511', 'HARTSELLE');
INSERT INTO hospital VALUES('John Gardner', '2563864556', 'SHEFFIELD');
INSERT INTO hospital VALUES('Miguel Hoisingt', '2562594444', 'SCOTTSBORO');
INSERT INTO hospital VALUES('Tamra Owens', '2053925263', 'YORK');
INSERT INTO hospital VALUES('Tyler Armantrou', '2562651000', 'HUNTSVILLE');
INSERT INTO hospital VALUES('Pam Rodriguez', '2516605236', 'MOBILE');
INSERT INTO hospital VALUES('Julie Hudson', '3346824131', 'CAMDEN');
INSERT INTO hospital VALUES('Jean Wrobel', '3347323000', 'PHENIX CIT');
INSERT INTO hospital VALUES('Louis Schlesser', '3342938000', 'MONTGOMERY');
INSERT INTO hospital VALUES('Martin Howell', '2512469021', 'JACKSON');
INSERT INTO hospital VALUES('Cornell Fields', '2567824538', 'JACKSONVIL');
INSERT INTO hospital VALUES('Susan Gramby', '3343822200', 'GREENVILLE');
INSERT INTO hospital VALUES('Todd Crawford', '2568257821', 'DADEVILLE');
INSERT INTO hospital VALUES('William Marlow', '2054857117', 'HALEYVILLE');
INSERT INTO hospital VALUES('Samuel Jones', '2569742200', 'MOULTON');
INSERT INTO hospital VALUES('Ray Campbell', '2059216200', 'HAMILTON');
INSERT INTO hospital VALUES('Trent Moore', '2565718000', 'GUNTERSVIL');
INSERT INTO hospital VALUES('Jesse White', '2565938310', 'BOAZ');
INSERT INTO hospital VALUES('Nina Vinson', '3346887271', 'EUFAULA');
INSERT INTO hospital VALUES('Marie Crowe', '3343470584', 'ENTERPRISE');
INSERT INTO hospital VALUES('Ewa Suarez', '2565714700', '2054817000');
INSERT INTO hospital VALUES('Amy Van', '3344933541', 'OPP');
INSERT INTO hospital VALUES('Kim Burton', '2514354700', 'MOBILE');
INSERT INTO hospital VALUES('Barbara Love', '2515753111', 'MONROEVILL');
INSERT INTO hospital VALUES('Demetria Ruiz', '2519375521', 'BAY MINETT');
INSERT INTO hospital VALUES('Brooks Bruner', '2562355121', 'ANNISTON');
INSERT INTO hospital VALUES('Melanie Garza', '2053334500', 'NORTHPORT');
INSERT INTO hospital VALUES('Douglas Herndon', '2054877736', 'WINFIELD');
INSERT INTO hospital VALUES('Howard Coleman', '2563502211', 'DECATUR');
INSERT INTO hospital VALUES('Gwendolyn Campb', '2053678111', 'CARROLLTON');
INSERT INTO hospital VALUES('Kendall Rieves', '3343614267', 'PRATTVILLE');
INSERT INTO hospital VALUES('Velma Carnahan', '2516331000', 'MOBILE');
INSERT INTO hospital VALUES('Sarah Hillman', '2565435200', 'GADSDEN');
INSERT INTO hospital VALUES('Christopher Mur', '2563297100', 'ALEXANDER ');
INSERT INTO hospital VALUES('Virginia Smith', '2563321611', 'RUSSELLVIL');
INSERT INTO hospital VALUES('Diana Hohman', '2056208100', 'ALABASTER');
INSERT INTO hospital VALUES('Cheryl Jerman', '2563861601', 'MUSCLE SHO');
INSERT INTO hospital VALUES('David Phelps', '2519493400', 'FOLEY');
INSERT INTO hospital VALUES('Michelle Whitel', '3347938701', 'DOTHAN');
INSERT INTO hospital VALUES('George Fraizer', '3346366221', 'THOMASVILL');
INSERT INTO hospital VALUES('Luke Carter', '2513449630', 'MOBILE');
INSERT INTO hospital VALUES('Michael Ledwig', '2059397000', 'BIRMINGHAM');
INSERT INTO hospital VALUES('Constance Wilso', '2058383122', 'BIRMINGHAM');
INSERT INTO hospital VALUES('Elma Lyman', '2053383301', 'PELL CITY');
INSERT INTO hospital VALUES('John Limberg', '2052743000', 'ONEONTA');
INSERT INTO hospital VALUES('Mary Haveman', '2562358900', 'ANNISTON');
INSERT INTO hospital VALUES('Timothy Hunter', '2519282375', 'FAIRHOPE');
INSERT INTO hospital VALUES('Marylyn Young', '2055921000', 'BIRMINGHAM');
INSERT INTO hospital VALUES('Ashley Ashley', '3346705000', 'TROY');
INSERT INTO hospital VALUES('Craig Ortiz', '2059307000', 'BIRMINGHAM');
INSERT INTO hospital VALUES('Pamela Nunez', '2514717110', 'MOBILE');
INSERT INTO hospital VALUES('Helen Aguilar', '2059344011', 'BIRMINGHAM');
INSERT INTO hospital VALUES('Ethel Surina', '3342604100', 'MONTGOMERY');
INSERT INTO hospital VALUES('Virgina Vaughn', '3344184100', 'SELMA');
INSERT INTO hospital VALUES('Desiree Wenstro', '2053874000', 'JASPER');
INSERT INTO hospital VALUES('Rufus Nash', '2563572111', 'WEDOWEE');
INSERT INTO hospital VALUES('Robert Thompson', '3346843655', 'GENEVA');

-- -----------------------------------------------
-- insertion of dependants table. 
-- -----------------------------------------------

INSERT INTO dependents(`name`, `relationship`, `plan`) VALUES('James Ben', 'son', 1001);
INSERT INTO dependents(`name`, `relationship`, `plan`) VALUES('Mercedes ', 'son', 1002);
INSERT INTO dependents(`name`, `relationship`, `plan`) VALUES('Howard Ar', 'daugter', 1003);
INSERT INTO dependents(`name`, `relationship`, `plan`) VALUES('Irma Mang', 'partener', 1004);
INSERT INTO dependents(`name`, `relationship`, `plan`) VALUES('Ruth Apar', 'daugter', 1005);
INSERT INTO dependents(`name`, `relationship`, `plan`) VALUES('Marie Lyo', 'partener', 1006);
INSERT INTO dependents(`name`, `relationship`, `plan`) VALUES('Dale Gibb', 'partener', 1007);
INSERT INTO dependents(`name`, `relationship`, `plan`) VALUES('Ronald To', 'son', 1008);
INSERT INTO dependents(`name`, `relationship`, `plan`) VALUES('Kyle Boyd', 'daugter', 1009);
INSERT INTO dependents(`name`, `relationship`, `plan`) VALUES('Harvey He', 'son', 1010);
INSERT INTO dependents(`name`, `relationship`, `plan`) VALUES('Andre Sub', 'son', 1011);
INSERT INTO dependents(`name`, `relationship`, `plan`) VALUES('Ramon Kru', 'daugter', 1012);
INSERT INTO dependents(`name`, `relationship`, `plan`) VALUES('Donald Va', 'son', 1013);
INSERT INTO dependents(`name`, `relationship`, `plan`) VALUES('Timothy M', 'partener', 1014);
INSERT INTO dependents(`name`, `relationship`, `plan`) VALUES('Kyra Hane', 'daugter', 1015);
INSERT INTO dependents(`name`, `relationship`, `plan`) VALUES('Armando H', 'son', 1016);
INSERT INTO dependents(`name`, `relationship`, `plan`) VALUES('Diana Bal', 'son', 1017);
INSERT INTO dependents(`name`, `relationship`, `plan`) VALUES('Mary Smit', 'son', 1018);
INSERT INTO dependents(`name`, `relationship`, `plan`) VALUES('Chester F', 'partener', 1019);
INSERT INTO dependents(`name`, `relationship`, `plan`) VALUES('James Ham', 'son', 1020);
INSERT INTO dependents(`name`, `relationship`, `plan`) VALUES('John Lewi', 'son', 1021);
INSERT INTO dependents(`name`, `relationship`, `plan`) VALUES('Sherilyn ', 'daugter', 1022);
INSERT INTO dependents(`name`, `relationship`, `plan`) VALUES('Robert In', 'son', 1023);
INSERT INTO dependents(`name`, `relationship`, `plan`) VALUES('Richard S', 'son', 1024);
INSERT INTO dependents(`name`, `relationship`, `plan`) VALUES('Joann Bos', 'partener', 1025);
INSERT INTO dependents(`name`, `relationship`, `plan`) VALUES('Morris Ag', 'daugter', 1026);
INSERT INTO dependents(`name`, `relationship`, `plan`) VALUES('Lisa Grif', 'son', 1027);
INSERT INTO dependents(`name`, `relationship`, `plan`) VALUES('Susan Fit', 'daugter', 1028);
INSERT INTO dependents(`name`, `relationship`, `plan`) VALUES('Leida Lar', 'daugter', 1029);
INSERT INTO dependents(`name`, `relationship`, `plan`) VALUES('William B', 'partener', 1030);
INSERT INTO dependents(`name`, `relationship`, `plan`) VALUES('Lori Dave', 'daugter', 1031);
INSERT INTO dependents(`name`, `relationship`, `plan`) VALUES('Richard E', 'daugter', 1032);
INSERT INTO dependents(`name`, `relationship`, `plan`) VALUES('George Si', 'son', 1033);
INSERT INTO dependents(`name`, `relationship`, `plan`) VALUES('Tony Toll', 'partener', 1034);
INSERT INTO dependents(`name`, `relationship`, `plan`) VALUES('Christoph', 'daugter', 1035);
INSERT INTO dependents(`name`, `relationship`, `plan`) VALUES('Joey Faul', 'son', 1036);
INSERT INTO dependents(`name`, `relationship`, `plan`) VALUES('John Park', 'daugter', 1037);
INSERT INTO dependents(`name`, `relationship`, `plan`) VALUES('Antoinett', 'son', 1038);
INSERT INTO dependents(`name`, `relationship`, `plan`) VALUES('Mary Ther', 'partener', 1039);
INSERT INTO dependents(`name`, `relationship`, `plan`) VALUES('Sarah Hal', 'daugter', 1040);
INSERT INTO dependents(`name`, `relationship`, `plan`) VALUES('Shirley B', 'son', 1041);
INSERT INTO dependents(`name`, `relationship`, `plan`) VALUES('Kassandra', 'partener', 1042);
INSERT INTO dependents(`name`, `relationship`, `plan`) VALUES('Charles H', 'son', 1043);
INSERT INTO dependents(`name`, `relationship`, `plan`) VALUES('Patricia ', 'son', 1044);
INSERT INTO dependents(`name`, `relationship`, `plan`) VALUES('Jeannie A', 'partener', 1045);
INSERT INTO dependents(`name`, `relationship`, `plan`) VALUES('Jill Wilk', 'partener', 1046);
INSERT INTO dependents(`name`, `relationship`, `plan`) VALUES('Sammy Jar', 'daugter', 1047);
INSERT INTO dependents(`name`, `relationship`, `plan`) VALUES('Lindsey S', 'daugter', 1048);
INSERT INTO dependents(`name`, `relationship`, `plan`) VALUES('Lazaro Ro', 'partener', 1049);
INSERT INTO dependents(`name`, `relationship`, `plan`) VALUES('Luetta Mo', 'partener', 1050);
INSERT INTO dependents(`name`, `relationship`, `plan`) VALUES('Elizabeth', 'daugter', 1051);
INSERT INTO dependents(`name`, `relationship`, `plan`) VALUES('Dorothea ', 'daugter', 1052);
INSERT INTO dependents(`name`, `relationship`, `plan`) VALUES('Thomas By', 'partener', 1053);
INSERT INTO dependents(`name`, `relationship`, `plan`) VALUES('Martha Mo', 'son', 1054);
INSERT INTO dependents(`name`, `relationship`, `plan`) VALUES('Jessica W', 'son', 1055);
INSERT INTO dependents(`name`, `relationship`, `plan`) VALUES('Milton Bu', 'son', 1056);
INSERT INTO dependents(`name`, `relationship`, `plan`) VALUES('Charles M', 'son', 1057);
INSERT INTO dependents(`name`, `relationship`, `plan`) VALUES('Blanche A', 'son', 1058);
INSERT INTO dependents(`name`, `relationship`, `plan`) VALUES('Thomas Ma', 'daugter', 1059);
INSERT INTO dependents(`name`, `relationship`, `plan`) VALUES('John Hern', 'partener', 1060);
INSERT INTO dependents(`name`, `relationship`, `plan`) VALUES('Jose Bowm', 'partener', 1061);
INSERT INTO dependents(`name`, `relationship`, `plan`) VALUES('John Cast', 'daugter', 1062);
INSERT INTO dependents(`name`, `relationship`, `plan`) VALUES('Brian Gon', 'son', 1063);
INSERT INTO dependents(`name`, `relationship`, `plan`) VALUES('Jeffrey S', 'daugter', 1064);
INSERT INTO dependents(`name`, `relationship`, `plan`) VALUES('Robert Le', 'partener', 1065);
INSERT INTO dependents(`name`, `relationship`, `plan`) VALUES('Jennifer ', 'son', 1066);
INSERT INTO dependents(`name`, `relationship`, `plan`) VALUES('Joseph Bi', 'partener', 1067);
INSERT INTO dependents(`name`, `relationship`, `plan`) VALUES('Ethel Ly', 'partener', 1068);
INSERT INTO dependents(`name`, `relationship`, `plan`) VALUES('Lacey Ker', 'daugter', 1069);
INSERT INTO dependents(`name`, `relationship`, `plan`) VALUES('Phil Whit', 'partener', 1070);
INSERT INTO dependents(`name`, `relationship`, `plan`) VALUES('Michael R', 'daugter', 1071);
INSERT INTO dependents(`name`, `relationship`, `plan`) VALUES('Carmen Ca', 'son', 1072);
INSERT INTO dependents(`name`, `relationship`, `plan`) VALUES('Leona Pet', 'son', 1073);
INSERT INTO dependents(`name`, `relationship`, `plan`) VALUES('Monica Ke', 'partener', 1074);
INSERT INTO dependents(`name`, `relationship`, `plan`) VALUES('Frances C', 'daugter', 1075);
INSERT INTO dependents(`name`, `relationship`, `plan`) VALUES('Mark Gate', 'partener', 1076);
INSERT INTO dependents(`name`, `relationship`, `plan`) VALUES('Margaret ', 'son', 1077);
INSERT INTO dependents(`name`, `relationship`, `plan`) VALUES('Patricia ', 'daugter', 1078);
INSERT INTO dependents(`name`, `relationship`, `plan`) VALUES('Joan Mcne', 'daugter', 1079);
INSERT INTO dependents(`name`, `relationship`, `plan`) VALUES('Jonathan ', 'son', 1080);
INSERT INTO dependents(`name`, `relationship`, `plan`) VALUES('Emma Ridl', 'daugter', 1081);
INSERT INTO dependents(`name`, `relationship`, `plan`) VALUES('Bruce God', 'daugter', 1082);
INSERT INTO dependents(`name`, `relationship`, `plan`) VALUES('Ruth Tyso', 'daugter', 1083);
INSERT INTO dependents(`name`, `relationship`, `plan`) VALUES('Jean Odel', 'partener', 1084);
INSERT INTO dependents(`name`, `relationship`, `plan`) VALUES('Gloria Wi', 'daugter', 1085);
INSERT INTO dependents(`name`, `relationship`, `plan`) VALUES('Stephanie', 'partener', 1086);
INSERT INTO dependents(`name`, `relationship`, `plan`) VALUES('Charles R', 'daugter', 1087);
INSERT INTO dependents(`name`, `relationship`, `plan`) VALUES('Jaime Leo', 'son', 1088);
INSERT INTO dependents(`name`, `relationship`, `plan`) VALUES('Nancy Smi', 'son', 1089);
INSERT INTO dependents(`name`, `relationship`, `plan`) VALUES('Wendy Gil', 'daugter', 1090);
INSERT INTO dependents(`name`, `relationship`, `plan`) VALUES('Pearl Rus', 'partener', 1091);
INSERT INTO dependents(`name`, `relationship`, `plan`) VALUES('Doris Bos', 'partener', 1092);
INSERT INTO dependents(`name`, `relationship`, `plan`) VALUES('Lois Ruiz', 'son', 1093);
INSERT INTO dependents(`name`, `relationship`, `plan`) VALUES('Jose Hens', 'son', 1094);
INSERT INTO dependents(`name`, `relationship`, `plan`) VALUES('Alva Robe', 'daugter', 1095);
INSERT INTO dependents(`name`, `relationship`, `plan`) VALUES('Lucille L', 'partener', 1096);
INSERT INTO dependents(`name`, `relationship`, `plan`) VALUES('Leona Mul', 'partener', 1097);
INSERT INTO dependents(`name`, `relationship`, `plan`) VALUES('Debbie Ba', 'daugter', 1098);
INSERT INTO dependents(`name`, `relationship`, `plan`) VALUES('Michelle ', 'daugter', 1099);
INSERT INTO dependents(`name`, `relationship`, `plan`) VALUES('Graig Mcl', 'daugter', 1100);
INSERT INTO dependents(`name`, `relationship`, `plan`) VALUES('Mildred M', 'partener', 1101);
INSERT INTO dependents(`name`, `relationship`, `plan`) VALUES('Harry Bal', 'daugter', 1102);
INSERT INTO dependents(`name`, `relationship`, `plan`) VALUES('Maurine B', 'son', 1103);
INSERT INTO dependents(`name`, `relationship`, `plan`) VALUES('Mary Terr', 'son', 1104);
INSERT INTO dependents(`name`, `relationship`, `plan`) VALUES('Harriet H', 'son', 1105);
INSERT INTO dependents(`name`, `relationship`, `plan`) VALUES('Rosemary ', 'partener', 1106);
INSERT INTO dependents(`name`, `relationship`, `plan`) VALUES('Jessie Ha', 'son', 1107);
INSERT INTO dependents(`name`, `relationship`, `plan`) VALUES('Larry Cha', 'son', 1108);
INSERT INTO dependents(`name`, `relationship`, `plan`) VALUES('Richard B', 'partener', 1109);
INSERT INTO dependents(`name`, `relationship`, `plan`) VALUES('Teresa Ro', 'daugter', 1110);
INSERT INTO dependents(`name`, `relationship`, `plan`) VALUES('Alberta K', 'son', 1111);
INSERT INTO dependents(`name`, `relationship`, `plan`) VALUES('Lisa Hill', 'son', 1112);
INSERT INTO dependents(`name`, `relationship`, `plan`) VALUES('Robin Rag', 'partener', 1113);
INSERT INTO dependents(`name`, `relationship`, `plan`) VALUES('Jane Mark', 'partener', 1114);
INSERT INTO dependents(`name`, `relationship`, `plan`) VALUES('Shirley R', 'son', 1115);
INSERT INTO dependents(`name`, `relationship`, `plan`) VALUES('Daniel Br', 'daugter', 1116);
INSERT INTO dependents(`name`, `relationship`, `plan`) VALUES('Edward St', 'partener', 1117);
INSERT INTO dependents(`name`, `relationship`, `plan`) VALUES('Mary Adam', 'daugter', 1118);
INSERT INTO dependents(`name`, `relationship`, `plan`) VALUES('Leonard S', 'son', 1119);
INSERT INTO dependents(`name`, `relationship`, `plan`) VALUES('David Coo', 'son', 1120);
INSERT INTO dependents(`name`, `relationship`, `plan`) VALUES('Daniel Ne', 'son', 1121);
INSERT INTO dependents(`name`, `relationship`, `plan`) VALUES('Theresa F', 'daugter', 1122);
INSERT INTO dependents(`name`, `relationship`, `plan`) VALUES('Katherine', 'partener', 1123);
INSERT INTO dependents(`name`, `relationship`, `plan`) VALUES('Amanda Ba', 'son', 1124);
INSERT INTO dependents(`name`, `relationship`, `plan`) VALUES('Bobby Gre', 'daugter', 1125);
INSERT INTO dependents(`name`, `relationship`, `plan`) VALUES('Joy Myles', 'partener', 1126);
INSERT INTO dependents(`name`, `relationship`, `plan`) VALUES('Leslie Ri', 'son', 1127);
INSERT INTO dependents(`name`, `relationship`, `plan`) VALUES('Wilma Goi', 'daugter', 1128);
INSERT INTO dependents(`name`, `relationship`, `plan`) VALUES('Patrica A', 'partener', 1129);
INSERT INTO dependents(`name`, `relationship`, `plan`) VALUES('Mathew Re', 'son', 1130);
INSERT INTO dependents(`name`, `relationship`, `plan`) VALUES('Steve Sto', 'partener', 1131);
INSERT INTO dependents(`name`, `relationship`, `plan`) VALUES('Catherine', 'daugter', 1132);
INSERT INTO dependents(`name`, `relationship`, `plan`) VALUES('Alicia Ca', 'partener', 1133);
INSERT INTO dependents(`name`, `relationship`, `plan`) VALUES('Scott Gra', 'partener', 1134);
INSERT INTO dependents(`name`, `relationship`, `plan`) VALUES('Olivia Sa', 'son', 1135);
INSERT INTO dependents(`name`, `relationship`, `plan`) VALUES('Alisa Men', 'partener', 1136);
INSERT INTO dependents(`name`, `relationship`, `plan`) VALUES('Jacob Gui', 'daugter', 1137);
INSERT INTO dependents(`name`, `relationship`, `plan`) VALUES('Roger Bat', 'son', 1138);
INSERT INTO dependents(`name`, `relationship`, `plan`) VALUES('Jesus Mil', 'son', 1139);
INSERT INTO dependents(`name`, `relationship`, `plan`) VALUES('Kimberly ', 'daugter', 1140);
INSERT INTO dependents(`name`, `relationship`, `plan`) VALUES('Ruby Walt', 'partener', 1141);
INSERT INTO dependents(`name`, `relationship`, `plan`) VALUES('Mary Sall', 'daugter', 1142);
INSERT INTO dependents(`name`, `relationship`, `plan`) VALUES('Jeffrey H', 'daugter', 1143);
INSERT INTO dependents(`name`, `relationship`, `plan`) VALUES('Stuart Ca', 'daugter', 1144);
INSERT INTO dependents(`name`, `relationship`, `plan`) VALUES('Betty Sta', 'son', 1145);
INSERT INTO dependents(`name`, `relationship`, `plan`) VALUES('Michael N', 'daugter', 1146);
INSERT INTO dependents(`name`, `relationship`, `plan`) VALUES('Herman Wh', 'son', 1147);
INSERT INTO dependents(`name`, `relationship`, `plan`) VALUES('Mabel Lit', 'son', 1148);
INSERT INTO dependents(`name`, `relationship`, `plan`) VALUES('Cheryl Un', 'daugter', 1149);
INSERT INTO dependents(`name`, `relationship`, `plan`) VALUES('Daniel Ta', 'daugter', 1150);
INSERT INTO dependents(`name`, `relationship`, `plan`) VALUES('Julio Hen', 'partener', 1151);
INSERT INTO dependents(`name`, `relationship`, `plan`) VALUES('Lisa Iles', 'partener', 1152);
INSERT INTO dependents(`name`, `relationship`, `plan`) VALUES('Edith Tan', 'daugter', 1153);
INSERT INTO dependents(`name`, `relationship`, `plan`) VALUES('Samantha ', 'son', 1154);
INSERT INTO dependents(`name`, `relationship`, `plan`) VALUES('Mary Pake', 'partener', 1155);


-- -----------------------------------------------
-- insertion of covers table. 
-- -----------------------------------------------


INSERT INTO covers VALUES('Marsha Hobbs', 'basic');
INSERT INTO covers VALUES('Kirby Stewart', 'basic');
INSERT INTO covers VALUES('Allison Bruce', 'basic');
INSERT INTO covers VALUES('Ruby Mccreight', 'basic');
INSERT INTO covers VALUES('Moses Stevens', 'basic');
INSERT INTO covers VALUES('Dana Martinez', 'basic');
INSERT INTO covers VALUES('Terry Cranford', 'basic');
INSERT INTO covers VALUES('Mary Florez', 'basic');
INSERT INTO covers VALUES('Christina Mathe', 'basic');
INSERT INTO covers VALUES('Linda Schoof', 'basic');
INSERT INTO covers VALUES('Effie Thomas', 'basic');
INSERT INTO covers VALUES('Terry Gibney', 'basic');
INSERT INTO covers VALUES('Chad Young', 'basic');
INSERT INTO covers VALUES('Laura Alexander', 'basic');
INSERT INTO covers VALUES('Abby Palmer', 'basic');
INSERT INTO covers VALUES('William Bradley', 'basic');
INSERT INTO covers VALUES('Johnny Cybart', 'basic');
INSERT INTO covers VALUES('Melinda Edwards', 'basic');
INSERT INTO covers VALUES('Maria Smullen', 'basic');
INSERT INTO covers VALUES('Margie Jones', 'basic');
INSERT INTO covers VALUES('William Hansfor', 'basic');
INSERT INTO covers VALUES('Glenn Brazil', 'basic');
INSERT INTO covers VALUES('Carrie Jones', 'basic');
INSERT INTO covers VALUES('Christopher Woo', 'basic');
INSERT INTO covers VALUES('Rebecca Owens', 'basic');
INSERT INTO covers VALUES('Jessica Brown', 'basic');
INSERT INTO covers VALUES('Maureen Harvey', 'basic');
INSERT INTO covers VALUES('David Lane', 'basic');
INSERT INTO covers VALUES('Josephine White', 'basic');
INSERT INTO covers VALUES('Michael Bustame', 'basic');
INSERT INTO covers VALUES('Betty Marquez', 'basic');
INSERT INTO covers VALUES('Travis Ennis', 'basic');
INSERT INTO covers VALUES('Julio Strobel', 'basic');
INSERT INTO covers VALUES('Terry Masom', 'basic');
INSERT INTO covers VALUES('Mary Ward', 'basic');
INSERT INTO covers VALUES('Louise Schmitz', 'basic');
INSERT INTO covers VALUES('Cynthia Arroyo', 'basic');
INSERT INTO covers VALUES('Mary Snyder', 'basic');
INSERT INTO covers VALUES('John Gardner', 'basic');
INSERT INTO covers VALUES('Miguel Hoisingt', 'basic');
INSERT INTO covers VALUES('Tamra Owens', 'basic');
INSERT INTO covers VALUES('Tyler Armantrou', 'basic');
INSERT INTO covers VALUES('Pam Rodriguez', 'basic');
INSERT INTO covers VALUES('Julie Hudson', 'basic');
INSERT INTO covers VALUES('Jean Wrobel', 'basic');
INSERT INTO covers VALUES('Louis Schlesser', 'basic');
INSERT INTO covers VALUES('Martin Howell', 'basic');
INSERT INTO covers VALUES('Cornell Fields', 'basic');
INSERT INTO covers VALUES('Susan Gramby', 'basic');
INSERT INTO covers VALUES('Todd Crawford', 'basic');
INSERT INTO covers VALUES('William Marlow', 'basic');
INSERT INTO covers VALUES('Samuel Jones', 'basic');
INSERT INTO covers VALUES('Ray Campbell', 'basic');
INSERT INTO covers VALUES('Trent Moore', 'basic');
INSERT INTO covers VALUES('Jesse White', 'basic');
INSERT INTO covers VALUES('Nina Vinson', 'basic');
INSERT INTO covers VALUES('Marie Crowe', 'basic');
INSERT INTO covers VALUES('Ewa Suarez', 'basic');
INSERT INTO covers VALUES('Amy Van', 'basic');
INSERT INTO covers VALUES('Kim Burton', 'basic');
INSERT INTO covers VALUES('Barbara Love', 'basic');
INSERT INTO covers VALUES('Demetria Ruiz', 'basic');
INSERT INTO covers VALUES('Brooks Bruner', 'basic');
INSERT INTO covers VALUES('Melanie Garza', 'basic');
INSERT INTO covers VALUES('Douglas Herndon', 'basic');
INSERT INTO covers VALUES('Howard Coleman', 'basic');
INSERT INTO covers VALUES('Gwendolyn Campb', 'basic');
INSERT INTO covers VALUES('Kendall Rieves', 'basic');
INSERT INTO covers VALUES('Velma Carnahan', 'basic');
INSERT INTO covers VALUES('Sarah Hillman', 'basic');
INSERT INTO covers VALUES('Christopher Mur', 'basic');
INSERT INTO covers VALUES('Virginia Smith', 'basic');
INSERT INTO covers VALUES('Diana Hohman', 'basic');
INSERT INTO covers VALUES('Cheryl Jerman', 'basic');
INSERT INTO covers VALUES('David Phelps', 'basic');
INSERT INTO covers VALUES('Michelle Whitel', 'basic');
INSERT INTO covers VALUES('George Fraizer', 'basic');
INSERT INTO covers VALUES('Luke Carter', 'basic');
INSERT INTO covers VALUES('Michael Ledwig', 'basic');
INSERT INTO covers VALUES('Constance Wilso', 'basic');
INSERT INTO covers VALUES('Elma Lyman', 'basic');
INSERT INTO covers VALUES('John Limberg', 'basic');
INSERT INTO covers VALUES('Mary Haveman', 'basic');
INSERT INTO covers VALUES('Timothy Hunter', 'basic');
INSERT INTO covers VALUES('Marylyn Young', 'basic');
INSERT INTO covers VALUES('Ashley Ashley', 'basic');
INSERT INTO covers VALUES('Craig Ortiz', 'basic');
INSERT INTO covers VALUES('Pamela Nunez', 'basic');
INSERT INTO covers VALUES('Helen Aguilar', 'basic');
INSERT INTO covers VALUES('Ethel Surina', 'basic');
INSERT INTO covers VALUES('Virgina Vaughn', 'basic');
INSERT INTO covers VALUES('Desiree Wenstro', 'basic');
INSERT INTO covers VALUES('Rufus Nash', 'basic');
INSERT INTO covers VALUES('Robert Thompson', 'basic');
INSERT INTO covers VALUES('Marsha Hobbs', 'golden');
INSERT INTO covers VALUES('Marsha Hobbs', 'premium');
INSERT INTO covers VALUES('Kirby Stewart', 'golden');
INSERT INTO covers VALUES('Kirby Stewart', 'premium');
INSERT INTO covers VALUES('Allison Bruce', 'golden');
INSERT INTO covers VALUES('Allison Bruce', 'premium');
INSERT INTO covers VALUES('Ruby Mccreight', 'golden');
INSERT INTO covers VALUES('Ruby Mccreight', 'premium');
INSERT INTO covers VALUES('Moses Stevens', 'golden');
INSERT INTO covers VALUES('Moses Stevens', 'premium');
INSERT INTO covers VALUES('Dana Martinez', 'golden');
INSERT INTO covers VALUES('Dana Martinez', 'premium');
INSERT INTO covers VALUES('Terry Cranford', 'golden');
INSERT INTO covers VALUES('Terry Cranford', 'premium');
INSERT INTO covers VALUES('Mary Florez', 'golden');
INSERT INTO covers VALUES('Mary Florez', 'premium');
INSERT INTO covers VALUES('Christina Mathe', 'golden');
INSERT INTO covers VALUES('Christina Mathe', 'premium');
INSERT INTO covers VALUES('Linda Schoof', 'golden');
INSERT INTO covers VALUES('Linda Schoof', 'premium');
INSERT INTO covers VALUES('Effie Thomas', 'golden');
INSERT INTO covers VALUES('Effie Thomas', 'premium');
INSERT INTO covers VALUES('Terry Gibney', 'golden');
INSERT INTO covers VALUES('Terry Gibney', 'premium');
INSERT INTO covers VALUES('Chad Young', 'golden');
INSERT INTO covers VALUES('Chad Young', 'premium');
INSERT INTO covers VALUES('Laura Alexander', 'golden');
INSERT INTO covers VALUES('Laura Alexander', 'premium');
INSERT INTO covers VALUES('Abby Palmer', 'golden');
INSERT INTO covers VALUES('Abby Palmer', 'premium');
INSERT INTO covers VALUES('William Bradley', 'golden');
INSERT INTO covers VALUES('William Bradley', 'premium');
INSERT INTO covers VALUES('Johnny Cybart', 'golden');
INSERT INTO covers VALUES('Johnny Cybart', 'premium');
INSERT INTO covers VALUES('Melinda Edwards', 'golden');
INSERT INTO covers VALUES('Melinda Edwards', 'premium');
INSERT INTO covers VALUES('Maria Smullen', 'golden');
INSERT INTO covers VALUES('Maria Smullen', 'premium');
INSERT INTO covers VALUES('Margie Jones', 'golden');
INSERT INTO covers VALUES('Margie Jones', 'premium');
INSERT INTO covers VALUES('William Hansfor', 'golden');
INSERT INTO covers VALUES('William Hansfor', 'premium');
INSERT INTO covers VALUES('Glenn Brazil', 'golden');
INSERT INTO covers VALUES('Glenn Brazil', 'premium');
INSERT INTO covers VALUES('Carrie Jones', 'golden');
INSERT INTO covers VALUES('Carrie Jones', 'premium');
INSERT INTO covers VALUES('Christopher Woo', 'golden');
INSERT INTO covers VALUES('Christopher Woo', 'premium');
INSERT INTO covers VALUES('Rebecca Owens', 'golden');
INSERT INTO covers VALUES('Rebecca Owens', 'premium');
INSERT INTO covers VALUES('Jessica Brown', 'golden');
INSERT INTO covers VALUES('Jessica Brown', 'premium');
INSERT INTO covers VALUES('Maureen Harvey', 'golden');
INSERT INTO covers VALUES('Maureen Harvey', 'premium');
INSERT INTO covers VALUES('David Lane', 'golden');
INSERT INTO covers VALUES('David Lane', 'premium');
INSERT INTO covers VALUES('Josephine White', 'golden');
INSERT INTO covers VALUES('Josephine White', 'premium');
INSERT INTO covers VALUES('Michael Bustame', 'golden');
INSERT INTO covers VALUES('Michael Bustame', 'premium');
INSERT INTO covers VALUES('Betty Marquez', 'golden');
INSERT INTO covers VALUES('Betty Marquez', 'premium');
INSERT INTO covers VALUES('Travis Ennis', 'golden');
INSERT INTO covers VALUES('Travis Ennis', 'premium');
INSERT INTO covers VALUES('Julio Strobel', 'golden');
INSERT INTO covers VALUES('Julio Strobel', 'premium');
INSERT INTO covers VALUES('Terry Masom', 'golden');
INSERT INTO covers VALUES('Terry Masom', 'premium');
INSERT INTO covers VALUES('Mary Ward', 'golden');
INSERT INTO covers VALUES('Mary Ward', 'premium');
INSERT INTO covers VALUES('Louise Schmitz', 'golden');
INSERT INTO covers VALUES('Louise Schmitz', 'premium');
INSERT INTO covers VALUES('Cynthia Arroyo', 'golden');
INSERT INTO covers VALUES('Cynthia Arroyo', 'premium');
INSERT INTO covers VALUES('Mary Snyder', 'golden');
INSERT INTO covers VALUES('Mary Snyder', 'premium');
INSERT INTO covers VALUES('John Gardner', 'golden');
INSERT INTO covers VALUES('John Gardner', 'premium');
INSERT INTO covers VALUES('Miguel Hoisingt', 'golden');
INSERT INTO covers VALUES('Miguel Hoisingt', 'premium');
INSERT INTO covers VALUES('Tyler Armantrou', 'golden');
INSERT INTO covers VALUES('Pam Rodriguez', 'premium');
INSERT INTO covers VALUES('Julie Hudson', 'golden');
INSERT INTO covers VALUES('Jean Wrobel', 'premium');
INSERT INTO covers VALUES('Louis Schlesser', 'golden');
INSERT INTO covers VALUES('Martin Howell', 'premium');
INSERT INTO covers VALUES('Cornell Fields', 'premium');
INSERT INTO covers VALUES('Susan Gramby', 'premium');
INSERT INTO covers VALUES('Todd Crawford', 'premium');
INSERT INTO covers VALUES('William Marlow', 'premium');
INSERT INTO covers VALUES('Samuel Jones', 'premium');
INSERT INTO covers VALUES('Ray Campbell', 'golden');
INSERT INTO covers VALUES('Trent Moore', 'golden');
INSERT INTO covers VALUES('Jesse White', 'golden');
INSERT INTO covers VALUES('Nina Vinson', 'golden');
INSERT INTO covers VALUES('Marie Crowe', 'golden');
INSERT INTO covers VALUES('Ewa Suarez', 'golden');
INSERT INTO covers VALUES('Amy Van', 'premium');
INSERT INTO covers VALUES('Kim Burton', 'golden');
INSERT INTO covers VALUES('Barbara Love', 'golden');
INSERT INTO covers VALUES('Demetria Ruiz', 'golden');
INSERT INTO covers VALUES('Brooks Bruner', 'golden');
INSERT INTO covers VALUES('Melanie Garza', 'golden');
INSERT INTO covers VALUES('Douglas Herndon', 'premium');
INSERT INTO covers VALUES('Howard Coleman', 'premium');
INSERT INTO covers VALUES('Gwendolyn Campb', 'golden');
INSERT INTO covers VALUES('Kendall Rieves', 'golden');
INSERT INTO covers VALUES('Velma Carnahan', 'premium');
INSERT INTO covers VALUES('Sarah Hillman', 'premium');
INSERT INTO covers VALUES('Christopher Mur', 'premium');
INSERT INTO covers VALUES('Virginia Smith', 'premium');
INSERT INTO covers VALUES('Diana Hohman', 'golden');
INSERT INTO covers VALUES('Cheryl Jerman', 'golden');
INSERT INTO covers VALUES('David Phelps', 'premium');
INSERT INTO covers VALUES('Michelle Whitel', 'premium');
INSERT INTO covers VALUES('George Fraizer', 'golden');
INSERT INTO covers VALUES('Luke Carter', 'premium');
INSERT INTO covers VALUES('Michael Ledwig', 'golden');
INSERT INTO covers VALUES('Constance Wilso', 'premium');
INSERT INTO covers VALUES('Elma Lyman', 'premium');
INSERT INTO covers VALUES('John Limberg', 'premium');
INSERT INTO covers VALUES('Mary Haveman', 'premium');
INSERT INTO covers VALUES('Timothy Hunter', 'premium');
INSERT INTO covers VALUES('Marylyn Young', 'golden');
INSERT INTO covers VALUES('Ashley Ashley', 'premium');
INSERT INTO covers VALUES('Craig Ortiz', 'golden');
INSERT INTO covers VALUES('Pamela Nunez', 'premium');
INSERT INTO covers VALUES('Helen Aguilar', 'golden');
INSERT INTO covers VALUES('Ethel Surina', 'premium');
INSERT INTO covers VALUES('Virgina Vaughn', 'premium');
INSERT INTO covers VALUES('Desiree Wenstro', 'premium');
INSERT INTO covers VALUES('Rufus Nash', 'golden');
INSERT INTO covers VALUES('Robert Thompson', 'golden');


-- -----------------------------------------------
-- insertion of claims table. 
-- -----------------------------------------------

INSERT INTO claims (`plan`, `state`, `description`, `cost`, `beneficiary`) VALUES (1001, 'unresolved', 'i bought now some drugs and i put the total cost in the cost field ',80,   'James Ben');
INSERT INTO claims (`plan`, `state`, `description`, `cost`, `beneficiary`) VALUES (1050, 'resolved', 'i bought now some drugs and i put the total cost in the cost field ',650,  'Luetta Mo');
INSERT INTO claims (`plan`, `state`, `description`, `cost`, `beneficiary`) VALUES (1030, 'unresolved', 'i bought now some drugs and i put the total cost in the cost field ',980,  'William B');
INSERT INTO claims (`plan`, `state`, `description`, `cost`, `beneficiary`) VALUES (1002, 'resolved', 'i bought now some drugs and i put the total cost in the cost field ', 490, 'Mercedes ');
INSERT INTO claims (`plan`, `state`, `description`, `cost`,  `beneficiary`) VALUES (1099, 'resolved', 'i bought now some drugs and i put the total cost in the cost field ', 986, 'Michelle ');
INSERT INTO claims (`plan`, `state`, `description`, `cost`, `beneficiary`) VALUES (1005, 'unresolved', 'i bought now some drugs and i put the total cost in the cost field i bougt jdfk and gille',966, 'Ruth Apar');
INSERT INTO claims (`plan`, `state`, `description`, `cost`, `beneficiary`) VALUES (1050, 'resolved', 'i bought now some drugs and i put the total cost in the cost field i bought shower gill',620, 'Luetta Mo');
INSERT INTO claims (`plan`, `state`, `description`, `cost`, `beneficiary`) VALUES (1122, 'unresolved', 'i bought now some drugs and i put the total cost in the cost field ',320,  'Theresa F');
INSERT INTO claims (`plan`, `state`, `description`, `cost`, `beneficiary`) VALUES (1007, 'resolved', 'i bought now some drugs and i put the total cost in the cost field ', 416, 'Dale Gibb');
INSERT INTO claims (`plan`, `state`, `description`, `cost`,  `beneficiary`) VALUES (1113, 'resolved', 'i bought now some drugs and i put the total cost in the cost field ', 22, 'Robin Rag');
INSERT INTO claims (`plan`, `state`, `description`, `cost`, `beneficiary`) VALUES (1122, 'unresolved', 'i bought now some drugs and i put the total cost in the cost field ',167,   'Theresa F');
INSERT INTO claims (`plan`, `state`, `description`, `cost`, `beneficiary`) VALUES (1149, 'resolved', 'i bought now some drugs and i put the total cost in the cost field ',80,  'Cheryl Un');
INSERT INTO claims (`plan`, `state`, `description`, `cost`, `beneficiary`) VALUES (1010, 'unresolved', 'i bought now some drugs and i put the total cost in the cost field ',746,  'Harvey He');
INSERT INTO claims (`plan`, `state`, `description`, `cost`, `beneficiary`) VALUES (1111, 'resolved', 'i bought now some drugs and i put the total cost in the cost field ', 33, 'Alberta K');
INSERT INTO claims (`plan`, `state`, `description`, `cost`,  `beneficiary`) VALUES (1060, 'resolved', 'i bought now some drugs and i put the total cost in the cost field ', 7454, 'John Hern');
INSERT INTO claims (`plan`, `state`, `description`, `cost`, `beneficiary`) VALUES (1070, 'unresolved', 'i bought now some drugs and i put the total cost in the cost field ',630,   'Phil Whit');
INSERT INTO claims (`plan`, `state`, `description`, `cost`, `beneficiary`) VALUES (1088, 'resolved', 'i bought now some drugs and i put the total cost in the cost field ',87,  'Jaime Leo');
INSERT INTO claims (`plan`, `state`, `description`, `cost`, `beneficiary`) VALUES (1092, 'unresolved', 'i bought now some drugs and i put the total cost in the cost field ',16,  'Doris Bos');
INSERT INTO claims (`plan`, `state`, `description`, `cost`, `beneficiary`) VALUES (1099, 'resolved', 'i bought now some drugs and i put the total cost in the cost field ', 90, 'Michelle ');
INSERT INTO claims (`plan`, `state`, `description`, `cost`,  `beneficiary`) VALUES (1022, 'resolved', 'i bought now some drugs and i put the total cost in the cost field ', 18, 'Sherilyn ');

